Suburb,Address,Sale_Price,Beds,Baths,Parking,Property_Type,Land_Size_m2,Floor_size_m2,Sale_Date
Manly,"3/66 Osborne Road, Manly, NSW 2095",1650000,2,1,1,Apartment,,87,17-09-2026
Manly,"4/3 Cliff Street, Manly, NSW 2095",840000,1,1,,Apartment,,61,17-09-2026
Manly,"2/115-117 Sydney Road, Manly, NSW 2095",2125550,2,1,1,Apartment,,183,11-09-2026
Manly,"35 Smith Street, Manly, NSW 2095",3500000,3,2,,House,,,09-09-2026
Manly,"5/34 Pacific Street, Manly, NSW 2095",1350000,2,1,,Apartment,,,05-09-2026
Manly,"7/6 Laurence Street, Manly, NSW 2095",2800000,3,2,2,Apartment,,,01-09-2026
Manly,"25 Malvern Avenue, Manly, NSW 2095",4175000,3,1,2,House,348,,29-08-2026
Manly,"4/22-24 Ashburner Street, Manly, NSW 2095",1875000,2,1,1,Apartment,,72,28-08-2026
Manly,"23/140 Addison Road, Manly, NSW 2095",3370000,2,1,1,Apartment,,114.8,21-08-2026
Manly,"1/22 Eurobin Avenue, Manly, NSW 2095",790000,1,1,1,Apartment,,,20-08-2026
Manly,"2/40 Fairy Bower Road, Manly, NSW 2095",1750000,2,1,,Apartment,,,19-08-2026
Manly,"16/51 Pittwater Road, Manly, NSW 2095",1130000,1,1,1,Apartment,,,14-08-2026
Manly,"31 Alexander Street, Manly, NSW 2095",5950000,4,2,,House,,,08-08-2026
Manly,"16/1 Addison Road, Manly, NSW 2095",1655000,3,2,1,Apartment,,112,30-07-2026
Manly,"2/19-21 The Crescent, Manly, NSW 2095",1455000,2,1,1,Apartment,,92,28-07-2026
Manly,"127 Pittwater Road, Manly, NSW 2095",4115000,3,2,1,House,278,,24-07-2026
Manly,"308B/9-15 Central Avenue, Manly, NSW 2095",747000,1,1,,Apartment,,50,24-07-2026
Manly,"5/18 Fairlight Street, Manly, NSW 2095",1475000,2,1,1,Apartment,,75,20-07-2026
Manly,"2/2a Kangaroo Street, Manly, NSW 2095",1500000,2,1,,Apartment,,,17-07-2026
Manly,"4/20 Augusta Road, Manly, NSW 2095",1240000,2,1,1,Apartment,,64,11-07-2026
Manly,"27/10 Darley Road, Manly, NSW 2095",1360000,1,1,1,Apartment,,,10-07-2026
Manly,"17/6-12 Pacific Street, Manly, NSW 2095",2500000,2,2,1,Apartment,,,08-07-2026
Manly,"6/8 Victoria Parade, Manly, NSW 2095",1200000,2,1,,Apartment,,74.3,02-07-2026
Manly,"5/120 Addison Road, Manly, NSW 2095",2500000,3,2,1,Apartment,,,30-06-2026
Manly,"101/13 Whistler Street, Manly, NSW 2095",2050000,2,2,1,Apartment,,86,30-06-2026
Manly,"32/20 Bonner Avenue, Manly, NSW 2095",5250000,3,2,1,Apartment,,,29-06-2026
Manly,"21/140 Addison Road, Manly, NSW 2095",5385000,3,2,2,Apartment,,173,26-06-2026
Manly,"4/51C Kangaroo Street, Manly, NSW 2095",990000,1,1,1,Apartment,,,26-06-2026
Manly,"1/8 Ocean Road, Manly, NSW 2095",2450000,3,2,1,Apartment,,,25-06-2026
Manly,"13/49 Osborne Road, Manly, NSW 2095",3175000,3,2,1,Apartment,,126,17-06-2026
Manly,"12/14 Malvern Avenue, Manly, NSW 2095",1253000,1,1,1,Apartment,,,13-06-2026
Manly,"69 Stuart Street, Manly, NSW 2095",9000000,3,1,2,House,277.4,,09-06-2026
Manly,"1/23 Quinton Road, Manly, NSW 2095",2510000,3,2,1,Apartment,,128,06-06-2026
Manly,"212/54A West Esplanade, Manly, NSW 2095",2900000,2,2,1,Apartment,,,04-06-2026
Parramatta,"22/4 Peace Lane, Parramatta, NSW 2150",500000,2,2,1,Apartment,,,19-09-2026
Parramatta,"2315/45 Macquarie Street, Parramatta, NSW 2150",640000,2,2,1,Apartment,,97,16-09-2026
Parramatta,"641/180 George Street, Parramatta, NSW 2150",600000,2,1,,Apartment,,,16-09-2026
Parramatta,"610/36-46 Cowper Street, Parramatta, NSW 2150",575000,2,2,1,Apartment,,113,14-09-2026
Parramatta,"2/16 Betts Street, Parramatta, NSW 2150",660000,2,1,1,Apartment,,,12-09-2026
Parramatta,"1601/11 Hassall Street, Parramatta, NSW 2150",700000,2,2,1,Apartment,,,11-09-2026
Parramatta,"1010 H/2 Morton Street, Parramatta, NSW 2150",687000,2,2,1,Apartment,,,11-09-2026
Parramatta,"820K/2 Morton Street, Parramatta, NSW 2150",650000,2,2,1,Apartment,,,11-09-2026
Parramatta,"33/68 Great Western Highway, Parramatta, NSW 2150",520000,2,1,1,Apartment,,116,11-09-2026
Parramatta,"505/23 Hassall Street, Parramatta, NSW 2150",660000,2,2,1,Apartment,,122,09-09-2026
Parramatta,"1702/45 Macquarie Street, Parramatta, NSW 2150",705000,2,2,1,Apartment,,,04-09-2026
Parramatta,"89/459-463 Church Street, Parramatta, NSW 2150",580000,2,2,1,Apartment,,136,04-09-2026
Parramatta,"8/64-66 Great Western Highway, Parramatta, NSW 2150",425000,1,1,1,Apartment,,,04-09-2026
Parramatta,"10/4 Peace Lane, Parramatta, NSW 2150",570000,2,2,1,Apartment,,,03-09-2026
Parramatta,"1/18 Early Street, Parramatta, NSW 2150",546000,2,1,1,Apartment,,123,01-09-2026
Parramatta,"9/178 George Street, Parramatta, NSW 2150",490000,1,1,,Apartment,,93,01-09-2026
Parramatta,"17/10-12 Thomas Street, Parramatta, NSW 2150",650000,2,1,1,Apartment,,,31-08-2026
Parramatta,"3/23 Good Street, Parramatta, NSW 2150",569000,2,1,1,Apartment,,104,31-08-2026
Parramatta,"401/6 River Road West, Parramatta, NSW 2150",540000,2,2,1,Apartment,,,30-08-2026
Parramatta,"5/30-32 Queens Avenue, Parramatta, NSW 2150",680000,2,1,1,Apartment,,,28-08-2026
Parramatta,"11/32 Hassall Street, Parramatta, NSW 2150",590000,2,2,1,Apartment,,,28-08-2026
Parramatta,"C26/88-98 Marsden Street, Parramatta, NSW 2150",552000,2,2,1,Apartment,,,27-08-2026
Parramatta,"15/1 Good Street, Parramatta, NSW 2150",480000,2,1,1,Apartment,,,27-08-2026
Parramatta,"D603/1 Broughton Street, Parramatta, NSW 2150",680000,2,2,1,Apartment,,,25-08-2026
Parramatta,"16L/15 Campbell Street, Parramatta, NSW 2150",405000,1,1,1,Apartment,,,25-08-2026
Parramatta,"805/21 Hassall Street, Parramatta, NSW 2150",410000,1,1,,Apartment,,,24-08-2026
Parramatta,"1502/88 Church Street, Parramatta, NSW 2150",800000,2,2,1,Apartment,,,21-08-2026
Parramatta,"41/3 Good Street, Parramatta, NSW 2150",641000,2,2,1,Apartment,,132,21-08-2026
Parramatta,"219/88 Church Street, Parramatta, NSW 2150",600000,1,1,1,Apartment,,72,21-08-2026
Parramatta,"401/8 River Road, Parramatta, NSW 2150",550000,2,2,1,Apartment,,,21-08-2026
Parramatta,"11/22-24 Tennyson Street, Parramatta, NSW 2150",650000,2,2,1,Apartment,,,17-08-2026
Parramatta,"53/20 Victoria Road, Parramatta, NSW 2150",640000,2,2,1,Apartment,,122,13-08-2026
Bankstown,"8/7-13 Melanie Street, Bankstown, NSW 2200",651000,2,1,2,Apartment,,105,21-09-2026
Bankstown,"150 Chapel Road, Bankstown, NSW 2200",1420000,4,3,2,House,518.5,,19-09-2026
Bankstown,"24/15 Jacobs Street, Bankstown, NSW 2200",631000,2,1,1,Apartment,,,14-09-2026
Bankstown,"3/489 Chapel Road, Bankstown, NSW 2200",538000,2,1,1,Apartment,,,14-09-2026
Bankstown,"17 Hillview Avenue, Bankstown, NSW 2200",1290000,4,3,3,House,,,11-09-2026
Bankstown,"12/168 Greenacre Road, Bankstown, NSW 2200",515000,2,1,1,Apartment,,99,08-09-2026
Bankstown,"17/113 Meredith Street, Bankstown, NSW 2200",585000,2,1,2,Apartment,,129,03-09-2026
Bankstown,"502/6 Cross Street, Bankstown, NSW 2200",430000,1,1,1,Apartment,,71,02-09-2026
Bankstown,"1A Heath Street, Bankstown, NSW 2200",1306000,4,2,4,House,670.3,,29-08-2026
Bankstown,"66/35 Stanley Street, Bankstown, NSW 2200",628000,2,1,1,Apartment,,118,26-08-2026
Bankstown,"60 Fenwick Street, Bankstown, NSW 2200",2420000,3,1,1,House,885,,22-08-2026
Bankstown,"423/19-21 Meredith Street, Bankstown, NSW 2200",895000,3,2,2,Apartment,,,21-08-2026
Bankstown,"G05/26 Cairds Avenue, Bankstown, NSW 2200",590000,2,1,1,Apartment,,131,21-08-2026
Bankstown,"46/7-9 Cross Street, Bankstown, NSW 2200",500000,2,1,1,Apartment,,,21-08-2026
Bankstown,"46/7-9 Cross Street, Bankstown, NSW 2200",1235000,4,1,1,House,695.5,,15-08-2026
Bankstown,"501B/4 French Avenue, Bankstown, NSW 2200",620000,2,2,1,Apartment,,,13-08-2026
Bankstown,"203/465 Chapel Road, Bankstown, NSW 2200",560000,2,1,1,Apartment,,,11-08-2026
Bankstown,"7/35 Jacobs Street, Bankstown, NSW 2200",535000,2,1,1,Apartment,,111,10-08-2026
Bankstown,"17/1 Rickard Road, Bankstown, NSW 2200",700000,3,1,2,Apartment,,127,08-08-2026
Bankstown,"87 Oxford Avenue, Bankstown, NSW 2200",2450000,8,4,5,House,822,,06-08-2026
Bankstown,"215 Wattle Street, Bankstown, NSW 2200",1610000,5,2,2,House,486.9,,01-08-2026
Bankstown,"306/25 Meredith Street, Bankstown, NSW 2200",548000,1,1,1,Apartment,,80,31-07-2026
Bankstown,"503/27 Percy Street, Bankstown, NSW 2200",680000,2,2,2,Apartment,,111,27-07-2026
Bankstown,"12/499 Chapel Road, Bankstown, NSW 2200",625000,2,1,1,Apartment,,123,27-07-2026
Bankstown,"19/146 Meredith Street, Bankstown, NSW 2200",530000,2,2,1,Apartment,,126,27-07-2026
Bankstown,"6 Highland Avenue, Bankstown, NSW 2200",1340000,4,2,2,House,554.9,,25-07-2026
Bankstown,"5/38 Cairds Avenue, Bankstown, NSW 2200",835000,3,2,2,Apartment,,,25-07-2026
Bankstown,"9/59 Rickard Road, Bankstown, NSW 2200",535000,2,2,1,Apartment,,,23-07-2026
Bankstown,"G12/74 Restwell Street, Bankstown, NSW 2200",525000,1,1,1,Apartment,,106,23-07-2026
Bankstown,"3/48 Reynolds Avenue, Bankstown, NSW 2200",682500,2,1,1,Apartment,,125,21-07-2026
Bankstown,"9/2b Myrtle Road, Bankstown, NSW 2200",530000,2,1,1,Apartment,,,21-07-2026
Bankstown,"305/465 Chapel Road, Bankstown, NSW 2200",545000,2,1,1,Apartment,,121,20-07-2026
Bankstown,"86 The Avenue, Bankstown, NSW 2200",2270000,3,1,3,House,1195,,15-07-2026
Bankstown,"4 Irvine Street, Bankstown, NSW 2200",1305000,3,1,3,House,448.9,,11-07-2026
